"results_id","match_rate","n_bags","n_landmarks","party","model","mse","mse_relall","mse_rellogit"
"partyinsurvey_match51_bags193_lmks463.543894239003",0.506164625329724,193,463.543894239003,"insurvey","logit_alldata",0.169318259304693,1,0.967048584046007
"partyinsurvey_match51_bags193_lmks463.543894239003",0.506164625329724,193,463.543894239003,"insurvey","logit",0.175087645127701,1.03407420940128,1
"partyinsurvey_match51_bags193_lmks463.543894239003",0.506164625329724,193,463.543894239003,"insurvey","dr",0.180461584956236,1.06581289990402,1.03069285571015
"partyinsurvey_match51_bags193_lmks463.543894239003",0.506164625329724,193,463.543894239003,"insurvey","dr_sepbags",0.174384161953504,1.02991941134768,0.99598210842527
"partyinsurvey_match51_bags193_lmks463.543894239003",0.506164625329724,193,463.543894239003,"insurvey","logit_bagfeat",0.174921140189525,1.03309082498155,0.999049019489327
"partyinsurvey_match51_bags193_lmks463.543894239003",0.506164625329724,193,463.543894239003,"insurvey","logit_regfeat",0.181233401482009,1.070371277299,1.03510102811552
"partyinsurvey_match51_bags193_lmks463.543894239003",0.506164625329724,193,463.543894239003,"insurvey","grpmean",0.220893608427167,1.30460594937763,1.26161733608363
